CASHIER_ID,CASHIER_NAME,DESIGNATION
001,Emily,Senior Cashier
002,Charles,Senior Cashier
281,Cyndie,Billing Cashier
654,Anallese,Medical Billing Cashier
985,Anestassia,Insurance Cashier
457,Judy,Accounts Receivable Cashier
759,Leona,Front Desk Cashier
364,Larine,Payment Posting Cashier
838,Dorthy,Patient Financial Services Cashier
112,Josephine,Medical Cashier
949,Nananne,Revenue Cycle Cashier
810,Briney,Financial Counselor Cashier
702,Clarice,Medical Payment Cashier
726,Tabbatha,Healthcare Cashier
800,Chrystel,Accounts Payable Cashier
322,Deloria,Insurance Claims Cashier
995,Loree,Billing Coordinator Cashier
898,Elsie,Medical Payment Posting Cashier
811,Kellen,Hospital Cashier
713,Chastity,Medical Front Office Cashier
455,Maryellen,Patient Accounts Cashier
599,Abbie,Accounts Receivable Cashier
296,Arlena,Insurance Billing Cashier
486,Lucy,Financial Services Cashier
672,Nerta,Patient Billing Cashier
965,Flory,Healthcare Financial Cashier
892,Elora,Patient Account Cashier
519,Tilly,Medical Accounts Cashier
583,Marcelline,Claims Processing Cashier
487,Karena,Accounts Specialist Cashier
577,Tilly,Revenue Cycle Cashier
630,Amii,Financial Billing Cashier
275,Danny,Healthcare Payment Cashier
426,Asia,Medical Revenue Cashier
203,Kore,Accounts Processing Cashier
990,Elbertina,Billing Office Cashier
158,Shauna,Medical Financial Cashier
897,Vinita,Hospital Payment Cashier
182,Belva,Insurance Cashier
536,Dorene,Revenue Integrity Cashier
277,Chere,Financial Services Cashier
407,Bill,Health Insurance Cashier
506,Tersina,Insurance Follow-up Cashier
843,Lanae,Hospital Billing Cashier
142,Felice,Medical Claims Cashier
910,Margette,Reimbursement Cashier
443,Dorene,Health Services Cashier
637,Lorenza,Medical Billing Cashier
464,Alex,Hospital Revenue Cashier
714,Mariann,Accounts Processing Cashier
991,Ericka,Healthcare Reimbursement Cashier
183,Elmira,Patient Account Cashier
106,Aigneis,Insurance Claims Cashier
633,Laure,Payment Verification Cashier
418,Ardenia,Health Financial Cashier
545,Lenna,Insurance Payment Cashier
837,Imojean,Healthcare Payment Cashier
752,Alex,Financial Transactions Cashier
493,Micheline,Billing Operations Cashier
335,Deedee,Medical Account Cashier
201,Fred,Accounts Payable Cashier
500,Lanna,Medical Billing and Coding Cashier
329,Natka,Medical Cash Handling Cashier
939,Corene,Payment Processing Cashier
129,Aurelie,Accounts Collection Cashier
944,Oona,Revenue Processing Cashier
194,Silvana,Financial Transactions Cashier
197,Stephanie,Medical Cost Cashier
830,Anthia,Revenue Recovery Cashier
103,Elie,Payment Collection Cashier
265,Jerry,Insurance Verification Cashier
485,Merrie,Medical Fund Management Cashier
344,Alyssa,Healthcare Transactions Cashier
294,Almeta,Revenue Collection Cashier
147,Joeann,Medical Billing Cashier
642,Sallie,Hospital Payment Cashier
555,Corene,Medical Revenue Cashier
375,Talya,Accounts Assistance Cashier
490,Gratia,Healthcare Revenue Cashier
228,Mallory,Reimbursement Claims Cashier
104,Caritta,Billing and Claims Cashier
933,Karlee,Hospital Financial Cashier
350,Jaclyn,Insurance Processing Cashier
223,Sam,Billing and Coding Cashier
512,Phylis,Medical Accounting Cashier
919,Lucy,Healthcare Accounts Cashier
632,Aili,Patient Payment Cashier
689,Gabi,Financial Operations Cashier
895,Tarra,Patient Billing Cashier
405,Carolina,Revenue Reconciliation Cashier
453,Vere,Insurance Billing Cashier
449,Elfreda,Accounts Collection Cashier
900,Mady,Medical Payment Cashier
342,Olivette,Health Account Cashier
600,Marinna,Medical Cash Posting Cashier
202,Verla,Insurance Billing Cashier
417,Deloria,Hospital Revenue Cashier
382,Annice,Billing Support Cashier
444,Collen,Healthcare Revenue Cashier
842,Aaren,Medical Payment Posting Cashier
593,Carmela,Accounts Review Cashier
269,Cacilie,Reimbursement Cashier
450,Magdalena,Hospital Billing Cashier
145,Joeann,Medical Transactions Cashier
117,Valera,Medical Insurance Cashier
956,Edyth,Financial Billing Cashier
639,Cordi,Accounts Assistance Cashier
977,Daryl,Revenue Collection Cashier
586,Glenda,Healthcare Reimbursement Cashier
110,Olivette,Medical Billing Operations Cashier
127,Pollyanna,Insurance Payment Cashier
754,Riannon,Revenue Cycle Cashier
556,Kellen,Insurance Billing Cashier
656,Leontine,Patient Financial Cashier
427,Gabriellia,Medical Accounts Cashier
178,Shaylyn,Hospital Claims Cashier
334,Chickie,Financial Operations Cashier
699,Chickie,Healthcare Transactions Cashier
712,Reeba,Billing Transactions Cashier
268,Demetris,Financial Management Cashier
929,Aryn,Accounts Verification Cashier
489,Sam,Billing and Revenue Cashier
492,Marita,Claims Processing Cashier
365,Roz,Healthcare Payment Cashier
570,Elise,Insurance Claims Cashier
505,Jobi,Medical Payment Recovery Cashier
890,Nollie,Hospital Billing and Payment Cashier
400,Rosaline,Accounts Verification Cashier
403,Mallory,Revenue Claims Processing Cashier
851,Shel,Financial Reimbursement Cashier
952,Oona,Accounts Management Cashier
401,Joelly,Patient Insurance Cashier
169,Maud,Financial Review Cashier
616,Roseline,Medical Revenue Cashier
604,Karena,Accounts Assistance Cashier
878,Allis,Healthcare Accounts Cashier
437,Cecile,Billing and Insurance Cashier
524,Christy,Medical Claims Processing Cashier
229,Althea,Insurance Billing and Reimbursement Cashier
509,Dorice,Medical Cost Processing Cashier
603,Frances,Healthcare Billing and Claims Cashier
928,Doralynne,Medical Finance Cashier
855,Di,Hospital Revenue Processing Cashier
483,Isa,Claims and Payment Cashier
745,Margalo,Medical Revenue Cashier
997,Georgina,Medical Insurance Verification Cashier
383,Dolli,Hospital Payment Cashier
151,Karly,Insurance Revenue Cashier
236,Emma,Billing Operations Cashier
324,Christal,Medical Claims Cashier
306,Lindie,Financial Assistance Cashier
451,Steffane,Revenue Processing Cashier
238,Cathie,Billing and Collections Cashier
777,Lucille,Accounts Billing Cashier
594,Roseline,Medical Revenue Cashier
387,Nadine,Insurance Account Cashier
305,Christy,Financial Assistance Cashier
421,Chickie,Medical Billing and Coding Cashier
258,Elvira,Hospital Finance Cashier
