doc_id,doc_name,specialization,email
116,Shell,Infectious disease,.@yopmail.com
752,Regina,Oncologist,.@yopmail.com
957,Sissy,Otolaryngologists,.@yopmail.com
217,Celestyna,Cardiology,.@yopmail.com
100,Thalia,Emergency Medicine,.@yopmail.com
708,Brynna,Surgery,.@yopmail.com
262,Maye,Pulmonologists,.@yopmail.com
378,Concettina,Hospice and Palliative Care,.@yopmail.com
910,Minda,Anesthesiology,.@yopmail.com
740,Charissa,Nephrology,.@yopmail.com
995,Lanae,Neurology,.@yopmail.com
907,Ida,Oncologist,.@yopmail.com
688,Constance,Otolaryngologists,.@yopmail.com
117,Karena,Otolaryngologists,.@yopmail.com
602,Tabbatha,Anesthesiology,.@yopmail.com
811,Lucille,Dermatology,.@yopmail.com
589,Calla,Dermatology,.@yopmail.com
634,Jacenta,Radiology,.@yopmail.com
188,Shaine,Anesthesiology,.@yopmail.com
349,Edee,Geriatrician,.@yopmail.com
555,Misha,Endocrinologist,.@yopmail.com
715,Hope,Emergency Medicine,.@yopmail.com
885,Lilith,Allergists,.@yopmail.com
317,Corina,Pulmonologists,.@yopmail.com
933,Ernesta,Psychiatry,.@yopmail.com
447,Asia,Internists,.@yopmail.com
615,Sonni,Surgery,.@yopmail.com
250,Morganica,Pediatrics,.@yopmail.com
692,Nariko,Internists,.@yopmail.com
303,Sherrie,Infectious disease,.@yopmail.com
339,Brandise,Internists,.@yopmail.com
306,Georgina,Geriatrician,.@yopmail.com
837,Beatriz,Allergists,.@yopmail.com
416,Jere,Neurology,.@yopmail.com
438,Iseabal,Gastroenterology,.@yopmail.com
889,Paola,Infectious disease,.@yopmail.com
955,Gretal,Emergency Medicine,.@yopmail.com
730,Luci,Emergency Medicine,.@yopmail.com
667,Gloria,Geriatrician,.@yopmail.com
276,Nelle,Endocrinologist,.@yopmail.com
645,Asia,Otolaryngologists,.@yopmail.com
722,Catrina,Obstetric Anesthesiologists,.@yopmail.com
716,Misha,Anesthesiology,.@yopmail.com
911,Lorne,Neurology,.@yopmail.com
938,Hermione,Pulmonologists,.@yopmail.com
350,Estell,Otolaryngologists,.@yopmail.com
272,Nikki,Oncologist,.@yopmail.com
770,Karly,Emergency Medicine,.@yopmail.com
491,Jinny,Infectious disease,.@yopmail.com
771,Karena,Internists,.@yopmail.com
183,Shauna,Psychiatry,.@yopmail.com
165,Monika,Psychiatry,.@yopmail.com
492,Berta,Cardiology,.@yopmail.com
527,Cristabel,Cardiology,.@yopmail.com
359,Hollie,Anesthesiology,.@yopmail.com
664,Flo,Geriatrician,.@yopmail.com
391,Annabela,Oncologist,.@yopmail.com
434,Verla,Otolaryngologists,.@yopmail.com
875,Marjie,Endocrinologist,.@yopmail.com
468,Tamqrah,Radiology,.@yopmail.com
734,Chrystel,Otolaryngologists,.@yopmail.com
373,Delilah,Ophthalmology,.@yopmail.com
843,Leeanne,Pulmonologists,.@yopmail.com
853,Elka,Hospice and Palliative Care,.@yopmail.com
158,Chere,Nephrology,.@yopmail.com
720,Jere,Neurology,.@yopmail.com
548,Karlee,Critical Care Medicine,.@yopmail.com
423,Carree,Allergists,.@yopmail.com
432,Lorie,Critical Care Medicine,.@yopmail.com
611,Shell,Gastroenterology,.@yopmail.com
194,Phedra,Surgery,.@yopmail.com
892,Brynna,Cardiology,.@yopmail.com
696,Alejandra,Endocrinologist,.@yopmail.com
565,Dione,Psychiatry,.@yopmail.com
778,Brana,Dermatology,.@yopmail.com
612,Krystle,Pediatrics,.@yopmail.com
894,Helsa,Emergency Medicine,.@yopmail.com
328,Atlanta,Infectious disease,.@yopmail.com
870,Johna,Obstetric Anesthesiologists,.@yopmail.com
344,Aurore,Gastroenterology,.@yopmail.com
705,Rosene,Obstetric Anesthesiologists,.@yopmail.com
607,Jenilee,Internists,.@yopmail.com
168,Mellicent,Otolaryngologists,.@yopmail.com
539,Hallie,Neurology,.@yopmail.com
113,Shaylyn,Radiology,.@yopmail.com
947,Allis,Endocrinologist,.@yopmail.com
707,Cassandra,Pulmonologists,.@yopmail.com
757,Mariele,Neurology,.@yopmail.com
729,Louella,Cardiology,.@yopmail.com
213,Sidoney,Hospice and Palliative Care,.@yopmail.com
466,Ninnetta,Pediatrics,.@yopmail.com
856,Arabel,Oncologist,.@yopmail.com
939,Melodie,Oncologist,.@yopmail.com
288,Frank,Endocrinologist,.@yopmail.com
227,Millie,Neurology,.@yopmail.com
270,Brooks,Allergists,.@yopmail.com
920,Nerta,Otolaryngologists,.@yopmail.com
332,Jinny,Neurology,.@yopmail.com
798,Vere,Allergists,.@yopmail.com
509,Hope,Pediatrics,.@yopmail.com
940,Yolane,Ophthalmology,.@yopmail.com
483,Kellen,Nephrology,.@yopmail.com
258,Joeann,Cardiology,.@yopmail.com
284,Ketti,Oncologist,.@yopmail.com
537,Carmela,Anesthesiology,.@yopmail.com
170,Quintina,Oncologist,.@yopmail.com
156,Claudina,Infectious disease,.@yopmail.com
713,Morganica,Nephrology,.@yopmail.com
110,Maud,Cardiology,.@yopmail.com
706,Robbi,Dermatology,.@yopmail.com
543,Orelia,Radiology,.@yopmail.com
362,Charissa,Internists,.@yopmail.com
104,Cacilie,Emergency Medicine,.@yopmail.com
625,Beverley,Endocrinologist,.@yopmail.com
286,Arlina,Radiology,.@yopmail.com
679,Debee,Otolaryngologists,.@yopmail.com
801,Brooks,Dermatology,.@yopmail.com
120,Lilith,Dermatology,.@yopmail.com
414,Joeann,Otolaryngologists,.@yopmail.com
545,Oona,Pediatrics,.@yopmail.com
485,Tera,Otolaryngologists,.@yopmail.com
802,Kial,Allergists,.@yopmail.com
930,Raf,Family Medicine,.@yopmail.com
890,Fredericka,Internists,.@yopmail.com
700,Katleen,Ophthalmology,.@yopmail.com
640,Rani,Radiology,.@yopmail.com
364,Aurelie,Nephrology,.@yopmail.com
886,Calla,Gastroenterology,.@yopmail.com
519,Maryellen,Endocrinologist,.@yopmail.com
202,Di,Pulmonologists,.@yopmail.com
883,Teriann,Psychiatry,.@yopmail.com
747,Elie,Ophthalmology,.@yopmail.com
472,Mildrid,Oncologist,.@yopmail.com
269,Cathyleen,Family Medicine,.@yopmail.com
459,Alex,Pediatrics,.@yopmail.com
785,Shandie,Radiology,.@yopmail.com
495,Aeriela,Otolaryngologists,.@yopmail.com
452,Minne,Critical Care Medicine,.@yopmail.com
470,Etta,Family Medicine,.@yopmail.com
314,Ernesta,Nephrology,.@yopmail.com
566,Leontine,Surgery,.@yopmail.com
879,Micheline,Ophthalmology,.@yopmail.com
348,Modestia,Anesthesiology,.@yopmail.com
580,Lynnea,Internists,.@yopmail.com
760,Orsola,Oncologist,.@yopmail.com
728,Eugine,Gastroenterology,.@yopmail.com
829,Molli,Anesthesiology,.@yopmail.com
559,Ottilie,Otolaryngologists,.@yopmail.com
934,Lorie,Neurology,.@yopmail.com
235,Mariann,Radiology,.@yopmail.com
256,Inga,Hospice and Palliative Care,.@yopmail.com
449,Harmonia,Infectious disease,.@yopmail.com
924,Roslyn,Surgery,.@yopmail.com
915,Marti,Pulmonologists,.@yopmail.com
956,Merry,Pulmonologists,.@yopmail.com
745,Lenna,Pediatrics,.@yopmail.com
236,Morganica,Radiology,.@yopmail.com
617,Charissa,Geriatrician,.@yopmail.com
832,Ulrike,Infectious disease,.@yopmail.com
241,Merci,Allergists,.@yopmail.com
931,Micheline,Otolaryngologists,.@yopmail.com
439,Noelle,Gastroenterology,.@yopmail.com
499,Karlee,Anesthesiology,.@yopmail.com
159,Georgetta,Infectious disease,.@yopmail.com
428,Moyna,Pulmonologists,.@yopmail.com
803,Bernardine,Otolaryngologists,.@yopmail.com
648,Marcelline,Psychiatry,.@yopmail.com
540,Talya,Otolaryngologists,.@yopmail.com
831,Trudie,Cardiology,.@yopmail.com
345,Phedra,Dermatology,.@yopmail.com
417,Molli,Allergists,.@yopmail.com
157,Mellicent,Infectious disease,.@yopmail.com
603,Christal,Pulmonologists,.@yopmail.com
245,Mahalia,Surgery,.@yopmail.com
164,Alyssa,Emergency Medicine,.@yopmail.com
260,Dorthy,Gastroenterology,.@yopmail.com
656,Merrie,Ophthalmology,.@yopmail.com
338,Taffy,Neurology,.@yopmail.com
605,Jean,Ophthalmology,.@yopmail.com
552,Florencia,Oncologist,.@yopmail.com
748,Nanete,Oncologist,.@yopmail.com
776,Carilyn,Otolaryngologists,.@yopmail.com
153,Chastity,Radiology,.@yopmail.com
888,Grier,Dermatology,.@yopmail.com
526,Karly,Internists,.@yopmail.com
473,Dulcinea,Dermatology,.@yopmail.com
714,Brianna,Dermatology,.@yopmail.com
290,Bernie,Anesthesiology,.@yopmail.com
984,Dacia,Gastroenterology,.@yopmail.com
808,Max,Dermatology,.@yopmail.com
610,Yvonne,Radiology,.@yopmail.com
569,Corina,Otolaryngologists,.@yopmail.com
163,Candi,Critical Care Medicine,.@yopmail.com
680,Emma,Emergency Medicine,.@yopmail.com
484,Nanete,Hospice and Palliative Care,.@yopmail.com
534,Pierette,Pediatrics,.@yopmail.com
583,Gabi,Nephrology,.@yopmail.com
935,Misha,Oncologist,.@yopmail.com
479,Madeleine,Critical Care Medicine,.@yopmail.com
210,Dorene,Nephrology,.@yopmail.com
852,Dennie,Obstetric Anesthesiologists,.@yopmail.com
650,Genevra,Oncologist,.@yopmail.com
600,Philis,Internists,.@yopmail.com
678,Dania,Infectious disease,.@yopmail.com
704,Sybille,Infectious disease,.@yopmail.com
363,Joleen,Gastroenterology,.@yopmail.com
854,Talya,Emergency Medicine,.@yopmail.com
586,Desirae,Gastroenterology,.@yopmail.com
198,Tilly,Cardiology,.@yopmail.com
990,Vanessa,Gastroenterology,.@yopmail.com
975,Hettie,Allergists,.@yopmail.com
869,Aili,Otolaryngologists,.@yopmail.com
282,Cherilyn,Oncologist,.@yopmail.com
149,Krystle,Obstetric Anesthesiologists,.@yopmail.com
124,Steffane,Nephrology,.@yopmail.com
644,Corina,Nephrology,.@yopmail.com
769,Corry,Geriatrician,.@yopmail.com
638,Flo,Radiology,.@yopmail.com
105,Lynea,Emergency Medicine,.@yopmail.com
787,Taffy,Otolaryngologists,.@yopmail.com
632,Melina,Emergency Medicine,.@yopmail.com
794,Henriette,Cardiology,.@yopmail.com
652,Jessy,Oncologist,.@yopmail.com
161,Jolyn,Gastroenterology,.@yopmail.com
821,Farrah,Geriatrician,.@yopmail.com
226,Minda,Obstetric Anesthesiologists,.@yopmail.com
731,Joane,Neurology,.@yopmail.com
218,Carree,Geriatrician,.@yopmail.com
419,Livvyy,Infectious disease,.@yopmail.com
457,Siana,Oncologist,.@yopmail.com
327,Heddie,Psychiatry,.@yopmail.com
749,Charlena,Critical Care Medicine,.@yopmail.com
905,Minne,Dermatology,.@yopmail.com
736,Candi,Oncologist,.@yopmail.com
848,Tina,Otolaryngologists,.@yopmail.com
369,Nannie,Oncologist,.@yopmail.com
712,Emmey,Oncologist,.@yopmail.com
598,Fanchon,Pediatrics,.@yopmail.com
668,Jessamyn,Infectious disease,.@yopmail.com
826,Rosene,Psychiatry,.@yopmail.com
974,Laure,Radiology,.@yopmail.com
431,Ermengarde,Oncologist,.@yopmail.com
538,Gisela,Endocrinologist,.@yopmail.com
866,Cathyleen,Emergency Medicine,.@yopmail.com
133,Adelle,Internists,.@yopmail.com
881,Carmencita,Psychiatry,.@yopmail.com
335,Romona,Surgery,.@yopmail.com
816,Linet,Gastroenterology,.@yopmail.com
773,Heddie,Family Medicine,.@yopmail.com
247,Nyssa,Internists,.@yopmail.com
572,Catrina,Endocrinologist,.@yopmail.com
923,Hope,Anesthesiology,.@yopmail.com
504,Averyl,Dermatology,.@yopmail.com
884,Randa,Dermatology,.@yopmail.com
822,Elise,Dermatology,.@yopmail.com
379,Roz,Hospice and Palliative Care,.@yopmail.com
912,Hallie,Pediatrics,.@yopmail.com
189,Max,Family Medicine,.@yopmail.com
810,Wendi,Otolaryngologists,.@yopmail.com
209,Nicoli,Oncologist,.@yopmail.com
506,Annora,Gastroenterology,.@yopmail.com
557,Peri,Internists,.@yopmail.com
806,Melisent,Emergency Medicine,.@yopmail.com
916,Ninnetta,Ophthalmology,.@yopmail.com
574,Ronna,Infectious disease,.@yopmail.com
219,Estell,Emergency Medicine,.@yopmail.com
221,Daryl,Surgery,.@yopmail.com
844,Tybie,Obstetric Anesthesiologists,.@yopmail.com
799,Fina,Pulmonologists,.@yopmail.com
162,Beth,Geriatrician,.@yopmail.com
119,Flory,Nephrology,.@yopmail.com
786,Marnia,Psychiatry,.@yopmail.com
777,Aimil,Dermatology,.@yopmail.com
819,Nanete,Pediatrics,.@yopmail.com
629,Ada,Pulmonologists,.@yopmail.com
101,Mireielle,Allergists,.@yopmail.com
334,Orelia,Gastroenterology,.@yopmail.com
593,Sara-Ann,Pediatrics,.@yopmail.com
596,Sue,Critical Care Medicine,.@yopmail.com
445,Cyb,Hospice and Palliative Care,.@yopmail.com
498,Carmela,Family Medicine,.@yopmail.com
361,Sashenka,Pediatrics,.@yopmail.com
560,Letizia,Infectious disease,.@yopmail.com
994,Cristabel,Oncologist,.@yopmail.com
252,Quintina,Anesthesiology,.@yopmail.com
723,Katleen,Nephrology,.@yopmail.com
181,Britte,Pulmonologists,.@yopmail.com
830,Julieta,Allergists,.@yopmail.com
689,Juliane,Nephrology,.@yopmail.com
761,Jobi,Surgery,.@yopmail.com
515,Chickie,Cardiology,.@yopmail.com
388,Danika,Ophthalmology,.@yopmail.com
450,Evita,Family Medicine,.@yopmail.com
738,Hollie,Cardiology,.@yopmail.com
399,Madeleine,Anesthesiology,.@yopmail.com
274,Fawne,Ophthalmology,.@yopmail.com
902,Tressa,Geriatrician,.@yopmail.com
312,Kimmy,Gastroenterology,.@yopmail.com
672,Gerianna,Neurology,.@yopmail.com
827,Lanae,Obstetric Anesthesiologists,.@yopmail.com
171,Meriel,Radiology,.@yopmail.com
184,Clementine,Cardiology,.@yopmail.com
502,Nikki,Oncologist,.@yopmail.com
878,Ann-Marie,Dermatology,.@yopmail.com
448,Laurene,Ophthalmology,.@yopmail.com
936,Carolina,Neurology,.@yopmail.com
204,Dyann,Cardiology,.@yopmail.com
820,Christal,Neurology,.@yopmail.com
173,Charissa,Oncologist,.@yopmail.com
222,Zia,Family Medicine,.@yopmail.com
398,Misha,Pediatrics,.@yopmail.com
859,Tomasina,Psychiatry,.@yopmail.com
952,Ingrid,Psychiatry,.@yopmail.com
249,Nataline,Family Medicine,.@yopmail.com
461,Mady,Family Medicine,.@yopmail.com
420,Anestassia,Family Medicine,.@yopmail.com
628,Shell,Critical Care Medicine,.@yopmail.com
967,Katuscha,Dermatology,.@yopmail.com
594,Gilda,Dermatology,.@yopmail.com
863,Dione,Gastroenterology,.@yopmail.com
657,Ebonee,Anesthesiology,.@yopmail.com
377,Marsiella,Critical Care Medicine,.@yopmail.com
145,Kerrin,Geriatrician,.@yopmail.com
662,Nadine,Pediatrics,.@yopmail.com
358,Gerrie,Otolaryngologists,.@yopmail.com
547,Yolane,Emergency Medicine,.@yopmail.com
942,Ada,Ophthalmology,.@yopmail.com
135,Gilligan,Surgery,.@yopmail.com
477,Ekaterina,Infectious disease,.@yopmail.com
899,Tiffie,Endocrinologist,.@yopmail.com
618,Laurene,Ophthalmology,.@yopmail.com
370,Liana,Gastroenterology,.@yopmail.com
141,Dennie,Internists,.@yopmail.com
968,Kathy,Pediatrics,.@yopmail.com
669,Fredericka,Surgery,.@yopmail.com
494,Mildrid,Geriatrician,.@yopmail.com
944,Elena,Allergists,.@yopmail.com
319,Betta,Anesthesiology,.@yopmail.com
254,Moyna,Cardiology,.@yopmail.com
255,Harmonia,Nephrology,.@yopmail.com
847,Nita,Gastroenterology,.@yopmail.com
139,Aurelie,Surgery,.@yopmail.com
400,Moyna,Critical Care Medicine,.@yopmail.com
138,Rosaline,Pulmonologists,.@yopmail.com
136,Veda,Ophthalmology,.@yopmail.com
768,Giustina,Gastroenterology,.@yopmail.com
767,Joeann,Obstetric Anesthesiologists,.@yopmail.com
675,Brietta,Pediatrics,.@yopmail.com
898,Georgetta,Internists,.@yopmail.com
733,Teriann,Hospice and Palliative Care,.@yopmail.com
949,Gilligan,Gastroenterology,.@yopmail.com
978,Lila,Family Medicine,.@yopmail.com
943,Doro,Obstetric Anesthesiologists,.@yopmail.com
238,Patricia,Family Medicine,.@yopmail.com
355,Romona,Pediatrics,.@yopmail.com
155,Alleen,Pulmonologists,.@yopmail.com
521,Aeriela,Gastroenterology,.@yopmail.com
368,Rhea,Endocrinologist,.@yopmail.com
239,Frieda,Internists,.@yopmail.com
691,Andeee,Endocrinologist,.@yopmail.com
296,Brandise,Cardiology,.@yopmail.com
287,Ida,Infectious disease,.@yopmail.com
877,Vevay,Emergency Medicine,.@yopmail.com
964,Emelina,Critical Care Medicine,.@yopmail.com
694,Tami,Allergists,.@yopmail.com
725,Kary,Internists,.@yopmail.com
663,Maisey,Obstetric Anesthesiologists,.@yopmail.com
126,Marleah,Gastroenterology,.@yopmail.com
926,Sashenka,Radiology,.@yopmail.com
587,Starla,Neurology,.@yopmail.com
265,Joelly,Ophthalmology,.@yopmail.com
868,Livvyy,Cardiology,.@yopmail.com
228,Dagmar,Internists,.@yopmail.com
651,Emelina,Family Medicine,.@yopmail.com
977,June,Emergency Medicine,.@yopmail.com
800,Hermione,Radiology,.@yopmail.com
887,Marita,Infectious disease,.@yopmail.com
442,Randa,Dermatology,.@yopmail.com
626,Glynnis,Infectious disease,.@yopmail.com
861,Cyndie,Dermatology,.@yopmail.com
397,Merry,Internists,.@yopmail.com
913,Kelly,Ophthalmology,.@yopmail.com
937,Robinia,Cardiology,.@yopmail.com
858,Jolyn,Infectious disease,.@yopmail.com
383,Catrina,Pulmonologists,.@yopmail.com
792,Leanna,Anesthesiology,.@yopmail.com
542,Sandie,Infectious disease,.@yopmail.com
131,Ana,Allergists,.@yopmail.com
475,Mariele,Anesthesiology,.@yopmail.com
389,Max,Infectious disease,.@yopmail.com
556,Wileen,Surgery,.@yopmail.com
849,Florie,Family Medicine,.@yopmail.com
261,Kylynn,Gastroenterology,.@yopmail.com
154,Leanna,Pulmonologists,.@yopmail.com
340,Sheelagh,Infectious disease,.@yopmail.com
551,Morganica,Allergists,.@yopmail.com
564,Mahalia,Allergists,.@yopmail.com
807,Nollie,Anesthesiology,.@yopmail.com
825,Roberta,Obstetric Anesthesiologists,.@yopmail.com
106,Constance,Geriatrician,.@yopmail.com
223,Konstance,Gastroenterology,.@yopmail.com
746,Gusty,Radiology,.@yopmail.com
427,Jeanna,Obstetric Anesthesiologists,.@yopmail.com
352,Ellette,Internists,.@yopmail.com
880,Imojean,Infectious disease,.@yopmail.com
532,Mureil,Infectious disease,.@yopmail.com
805,Magdalena,Obstetric Anesthesiologists,.@yopmail.com
147,Shaylyn,Ophthalmology,.@yopmail.com
845,Jaclyn,Otolaryngologists,.@yopmail.com
999,Wynne,Infectious disease,.@yopmail.com
512,Arlina,Pediatrics,.@yopmail.com
460,Tani,Emergency Medicine,.@yopmail.com
828,Sheree,Neurology,.@yopmail.com
179,Petronia,Anesthesiology,.@yopmail.com
750,Dode,Obstetric Anesthesiologists,.@yopmail.com
522,Asia,Dermatology,.@yopmail.com
115,Ronna,Endocrinologist,.@yopmail.com
229,Krystle,Nephrology,.@yopmail.com
118,Vanessa,Otolaryngologists,.@yopmail.com
435,Randa,Critical Care Medicine,.@yopmail.com
814,Rani,Gastroenterology,.@yopmail.com
775,Tera,Dermatology,.@yopmail.com
463,Edith,Psychiatry,.@yopmail.com
573,Gerianna,Pulmonologists,.@yopmail.com
281,Zondra,Radiology,.@yopmail.com
857,Bobbi,Oncologist,.@yopmail.com
408,Pamella,Nephrology,.@yopmail.com
742,Gui,Allergists,.@yopmail.com
683,Nerta,Ophthalmology,.@yopmail.com
486,Janis,Nephrology,.@yopmail.com
779,Nerta,Gastroenterology,.@yopmail.com
488,Rosanne,Geriatrician,.@yopmail.com
558,Adriana,Ophthalmology,.@yopmail.com
108,Addia,Surgery,.@yopmail.com
500,Verla,Emergency Medicine,.@yopmail.com
191,Britte,Neurology,.@yopmail.com
639,Arabel,Pediatrics,.@yopmail.com
804,Rivalee,Nephrology,.@yopmail.com
365,Ricky,Infectious disease,.@yopmail.com
764,Lolita,Nephrology,.@yopmail.com
954,Grier,Allergists,.@yopmail.com
581,Myriam,Cardiology,.@yopmail.com
903,Lindie,Emergency Medicine,.@yopmail.com
971,Moyna,Infectious disease,.@yopmail.com
197,Ofilia,Pulmonologists,.@yopmail.com
386,Selia,Dermatology,.@yopmail.com
838,Michaelina,Dermatology,.@yopmail.com
214,Gretal,Neurology,.@yopmail.com
790,Cacilie,Family Medicine,.@yopmail.com
285,Gabriellia,Internists,.@yopmail.com
516,Corene,Oncologist,.@yopmail.com
405,Correy,Internists,.@yopmail.com
266,Tera,Pulmonologists,.@yopmail.com
681,Addia,Obstetric Anesthesiologists,.@yopmail.com
354,Tersina,Neurology,.@yopmail.com
341,Camile,Oncologist,.@yopmail.com
353,Flory,Allergists,.@yopmail.com
789,Karena,Pulmonologists,.@yopmail.com
563,Chere,Geriatrician,.@yopmail.com
687,Juliane,Dermatology,.@yopmail.com
860,Ericka,Critical Care Medicine,.@yopmail.com
143,Rebeca,Critical Care Medicine,.@yopmail.com
371,Maridel,Allergists,.@yopmail.com
480,Leontine,Infectious disease,.@yopmail.com
237,Suzette,Cardiology,.@yopmail.com
946,Zsa Zsa,Oncologist,.@yopmail.com
932,Ira,Otolaryngologists,.@yopmail.com
140,Mureil,Surgery,.@yopmail.com
665,Ricky,Anesthesiology,.@yopmail.com
951,Priscilla,Obstetric Anesthesiologists,.@yopmail.com
914,Ronna,Pediatrics,.@yopmail.com
993,Sadie,Oncologist,.@yopmail.com
948,Kirstin,Surgery,.@yopmail.com
207,Rayna,Otolaryngologists,.@yopmail.com
755,Alejandra,Internists,.@yopmail.com
425,Amara,Psychiatry,.@yopmail.com
959,Sharai,Geriatrician,.@yopmail.com
744,Lolita,Obstetric Anesthesiologists,.@yopmail.com
243,Edith,Surgery,.@yopmail.com
321,Gloria,Endocrinologist,.@yopmail.com
597,Marti,Geriatrician,.@yopmail.com
925,Hyacinthe,Allergists,.@yopmail.com
909,Jean,Endocrinologist,.@yopmail.com
895,Kary,Radiology,.@yopmail.com
186,Sidoney,Radiology,.@yopmail.com
487,Sidoney,Otolaryngologists,.@yopmail.com
267,Demetris,Emergency Medicine,.@yopmail.com
444,Daryl,Internists,.@yopmail.com
533,Agathe,Pulmonologists,.@yopmail.com
497,Tierney,Ophthalmology,.@yopmail.com
300,Roxane,Endocrinologist,.@yopmail.com
453,Evaleen,Obstetric Anesthesiologists,.@yopmail.com
231,Ida,Family Medicine,.@yopmail.com
851,Bertine,Infectious disease,.@yopmail.com
927,Ezmeralda,Neurology,.@yopmail.com
510,Ada,Surgery,.@yopmail.com
636,Chrystel,Ophthalmology,.@yopmail.com
1000,Brana,Nephrology,.@yopmail.com
476,Lory,Surgery,.@yopmail.com
481,Carilyn,Dermatology,.@yopmail.com
474,Karly,Endocrinologist,.@yopmail.com
224,Dorene,Emergency Medicine,.@yopmail.com
763,Vonny,Allergists,.@yopmail.com
347,Jacquetta,Psychiatry,.@yopmail.com
430,Eolanda,Allergists,.@yopmail.com
415,Lacie,Infectious disease,.@yopmail.com
917,Addia,Endocrinologist,.@yopmail.com
433,Beverley,Anesthesiology,.@yopmail.com
308,Glynnis,Neurology,.@yopmail.com
661,Darlleen,Cardiology,.@yopmail.com
242,Blondelle,Gastroenterology,.@yopmail.com
309,Sybille,Pediatrics,.@yopmail.com
530,Jeanna,Critical Care Medicine,.@yopmail.com
528,Pierette,Gastroenterology,.@yopmail.com
443,Renie,Nephrology,.@yopmail.com
953,Andeee,Surgery,.@yopmail.com
437,Tera,Nephrology,.@yopmail.com
812,Marylou,Internists,.@yopmail.com
976,Netty,Neurology,.@yopmail.com
418,Danny,Ophthalmology,.@yopmail.com
372,Myrtice,Geriatrician,.@yopmail.com
654,Danika,Infectious disease,.@yopmail.com
561,Elka,Infectious disease,.@yopmail.com
900,Norine,Radiology,.@yopmail.com
374,Giustina,Nephrology,.@yopmail.com
619,Shannah,Allergists,.@yopmail.com
291,Gusella,Pulmonologists,.@yopmail.com
411,Shel,Psychiatry,.@yopmail.com
908,Oralee,Surgery,.@yopmail.com
788,Leontine,Family Medicine,.@yopmail.com
232,Tani,Geriatrician,.@yopmail.com
582,Petronia,Anesthesiology,.@yopmail.com
893,Michaelina,Pulmonologists,.@yopmail.com
501,Cathyleen,Psychiatry,.@yopmail.com
985,Anestassia,Obstetric Anesthesiologists,.@yopmail.com
759,Leona,Gastroenterology,.@yopmail.com
112,Josephine,Pediatrics,.@yopmail.com
702,Clarice,Dermatology,.@yopmail.com
726,Tabbatha,Oncologist,.@yopmail.com
322,Deloria,Otolaryngologists,.@yopmail.com
455,Maryellen,Oncologist,.@yopmail.com
599,Abbie,Anesthesiology,.@yopmail.com
965,Flory,Obstetric Anesthesiologists,.@yopmail.com
577,Tilly,Obstetric Anesthesiologists,.@yopmail.com
630,Amii,Emergency Medicine,.@yopmail.com
275,Danny,Allergists,.@yopmail.com
426,Asia,Emergency Medicine,.@yopmail.com
203,Kore,Infectious disease,.@yopmail.com
897,Vinita,Psychiatry,.@yopmail.com
182,Belva,Otolaryngologists,.@yopmail.com
536,Dorene,Geriatrician,.@yopmail.com
277,Chere,Internists,.@yopmail.com
407,Bill,Hospice and Palliative Care,.@yopmail.com
142,Felice,Infectious disease,.@yopmail.com
637,Lorenza,Ophthalmology,.@yopmail.com
464,Alex,Internists,.@yopmail.com
991,Ericka,Dermatology,.@yopmail.com
633,Laure,Cardiology,.@yopmail.com
493,Micheline,Ophthalmology,.@yopmail.com
201,Fred,Surgery,.@yopmail.com
329,Natka,Neurology,.@yopmail.com
129,Aurelie,Gastroenterology,.@yopmail.com
103,Elie,Endocrinologist,.@yopmail.com
294,Almeta,Allergists,.@yopmail.com
642,Sallie,Otolaryngologists,.@yopmail.com
375,Talya,Surgery,.@yopmail.com
490,Gratia,Cardiology,.@yopmail.com
919,Lucy,Ophthalmology,.@yopmail.com
342,Olivette,Emergency Medicine,.@yopmail.com
382,Annice,Psychiatry,.@yopmail.com
842,Aaren,Surgery,.@yopmail.com
127,Pollyanna,Pulmonologists,.@yopmail.com
754,Riannon,Anesthesiology,.@yopmail.com
178,Shaylyn,Emergency Medicine,.@yopmail.com
699,Chickie,Infectious disease,.@yopmail.com
268,Demetris,Emergency Medicine,.@yopmail.com
929,Aryn,Obstetric Anesthesiologists,.@yopmail.com
489,Sam,Nephrology,.@yopmail.com
570,Elise,Family Medicine,.@yopmail.com
505,Jobi,Pulmonologists,.@yopmail.com
403,Mallory,Hospice and Palliative Care,.@yopmail.com
401,Joelly,Gastroenterology,.@yopmail.com
169,Maud,Gastroenterology,.@yopmail.com
616,Roseline,Pulmonologists,.@yopmail.com
604,Karena,Psychiatry,.@yopmail.com
524,Christy,Endocrinologist,.@yopmail.com
928,Doralynne,Neurology,.@yopmail.com
855,Di,Emergency Medicine,.@yopmail.com
997,Georgina,Obstetric Anesthesiologists,.@yopmail.com
151,Karly,Internists,.@yopmail.com
220,Carly,Emergency Medicine,.@yopmail.com
346,Coral,Anesthesiology,.@yopmail.com
324,Christal,Oncologist,.@yopmail.com
451,Steffane,Allergists,.@yopmail.com
387,Nadine,Nephrology,.@yopmail.com
305,Christy,Nephrology,.@yopmail.com
421,Chickie,Emergency Medicine,.@yopmail.com
709,Gretal,Oncologist,.@yopmail.com
791,Charmaine,Allergists,.@yopmail.com
658,Corina,Oncologist,.@yopmail.com
