Nurse_id,Fname,Lname
301,Alice,Johnson
302,Bob,Smith
303,Clara,Evans
304,David,Brown
305,Emma,Wilson
306,Olivia,Martinez
307,Liam,Anderson
308,Sophia,Thomas
309,Noah,Jackson
310,Ava,White
311,William,Harris
312,Isabella,Martin
313,James,Thompson
314,Charlotte,Garcia
315,Benjamin,Clark
316,Amelia,Rodriguez
317,Elijah,Lewis
318,Mia,Walker
319,Lucas,Hall
320,Harper,Allen
321,Mason,Young
322,Evelyn,King
323,Logan,Wright
324,Abigail,Scott
325,Jackson,Green
326,Scarlett,Adams
327,Aiden,Baker
328,Grace,Gonzalez
329,Henry,Nelson
330,Chloe,Carter
331,Sebastian,Mitchell
332,Ella,Perez
333,David,Roberts
334,Lily,Turner
335,Gabriel,Phillips
336,Zoey,Campbell
337,Samuel,Parker
338,Victoria,Evans
339,Joseph,Edwards
340,Hannah,Collins
341,Matthew,Stewart
342,Addison,Sanchez
343,Owen,Morris
344,Natalie,Rogers
345,Daniel,Reed
346,Audrey,Cook
347,Jack,Morgan
348,Stella,Bell
349,Wyatt,Murphy
350,Lucy,Bailey
351,Isaac,Cooper
352,Savannah,Richardson
353,Julian,Cox
354,Penelope,Howard
355,Levi,Ward
356,Brooklyn,Torres
357,Nathan,Peterson
358,Eleanor,Gray
359,Hunter,Ramirez
360,Skylar,James
361,Ryan,Watson
362,Paisley,Brooks
363,Aaron,Kelly
364,Madelyn,Sanders
365,Adam,Price
366,Caroline,Bennett
367,Evan,Wood
368,Hazel,Barnes
369,Connor,Ross
370,Autumn,Henderson
371,Xavier,Coleman
372,Kennedy,Jenkins
373,Jaxon,Perry
374,Bella,Powell
375,Lincoln,Long
376,Violet,Patterson
377,Landon,Hughes
378,Aurora,Flores
379,Nolan,Washington
380,Lydia,Butler
381,Easton,Simmons
382,Everly,Foster
383,Parker,Gonzales
384,Delilah,Bryant
385,Colton,Alexander
386,Ivy,Russell
387,Ayden,Griffin
388,Rylee,Diaz
389,Carter,Hayes
390,Brielle,Myers
391,Ashton,Ford
392,Melody,Hamilton
393,Rowan,Graham
394,Reagan,Sullivan
395,Weston,Wallace
396,Julia,Woods
397,Maxwell,West
398,Angelina,Jordan
399,Finn,Owens
400,Eloise,Reynolds
401,Axel,Fisher
402,Alaina,Ellis
403,Elias,Harrison
404,Londyn,Gibson
405,Sawyer,McDonald
406,Norah,Cruz
407,Jonathan,Marshall
408,Gemma,Ortiz
409,Vincent,Gomez
410,Daisy,Murray
411,Brooks,Freeman
412,Josie,Wells
413,Amir,Webb
414,Cecilia,Simpson
415,Patrick,Stevens
416,Paige,Tucker
417,Derek,Porter
418,Juliette,Hunter
419,Matteo,Hicks
420,Adriana,Crawford
421,Joaquin,Henry
422,Millie,Boyd
423,Caleb,Mason
424,Tessa,Morales
425,Ryder,Kennedy
426,Mariana,Warren
427,Spencer,Dixon
428,Malia,Andrews
429,Arthur,Burns
430,Genevieve,Lane
431,Barrett,Lambert
432,Rosalie,Holland
433,Jayce,Douglas
434,Hope,Chapman
435,Edwin,Martinez
436,Zara,Ferguson
437,Charlie,Wells
438,Adelaide,Sutton
439,Griffin,Dawson
440,Phoebe,Fowler
441,Holden,Harper
442,Camille,Norris
443,Theo,Vasquez
444,Vivian,Horton
445,Sean,Clarke
446,Celeste,Bowman
447,Beckett,Ray
448,Nina,Schultz
449,Dakota,Kim
450,Sienna,Wagner
451,Zane,Rivera
452,Hallie,Cross
453,Leon,Paul
454,Cassandra,Grant
455,Devin,Jimenez
456,Edith,Hunter
457,Keegan,Austin
458,Esme,Barker
459,Magnus,Chambers
460,Joy,Hudson
461,Brady,Marsh
462,Noelle,Baldwin
463,Kameron,Banks
464,Anastasia,Bishop
465,Pierce,Spencer
466,Kira,Walton
201,Ava,McKenzie
202,Noah,Callahan
203,Sophia,Whitmore
204,Jackson,Fairchild
205,Olivia,Prescott
206,Liam,Davenport
207,Isabella,Hawthorne
208,Mason,Ellsworth
209,Amelia,Lockwood
210,Elijah,Ashford
211,Harper,Winslow
212,Lucas,Redmond
213,Evelyn,Carmichael
214,Benjamin,Holloway
215,Charlotte,Kensington
216,Henry,Lancaster
217,Abigail,Pemberton
218,Daniel,Rockwell
219,Scarlett,Wellington
220,Matthew,Templeton
221,Grace,Haverford
222,David,Montclair
223,Chloe,Langford
224,Joseph,Barrington
225,Lily,Everhart
226,Samuel,Aldridge
227,Hannah,Wetherby
228,Anthony,Bannister
229,Elizabeth,Windham
230,James,Whitmore
231,Victoria,Ellington
232,Andrew,Kingsley
233,Madison,Radcliffe
234,Christopher,Thorndale
235,Zoey,Winslow
236,Nathan,Sterling
237,Natalie,Hampton
238,Dylan,Pembroke
239,Brooklyn,Fairchild
240,Caleb,Wentworth
241,Layla,Prescott
242,Gabriel,Ashford
243,Penelope,Carmichael
244,Ryan,Kensington
245,Ellie,Lancaster
246,Isaac,Pemberton
247,Aria,Rockwell
248,Jayden,Wellington
249,Nora,Templeton
250,Luke,Haverford
251,Levi,Montclair
252,Stella,Langford
253,Julian,Barrington
254,Violet,Everhart
255,Adam,Aldridge
256,Aurora,Wetherby
257,Eli,Bannister
258,Lucy,Windham
259,Hudson,Whitmore
260,Bella,Ellington
261,Lincoln,Kingsley
262,Sadie,Radcliffe
263,Hunter,Thorndale
264,Addison,Winslow
265,Zachary,Sterling
266,Willow,Hampton
267,Xavier,Pembroke
268,Hazel,Fairchild
269,Sebastian,Wentworth
270,Paisley,Prescott
271,Jaxon,Ashford
272,Savannah,Carmichael
273,Ezra,Kensington
274,Eleanor,Lancaster
275,Wesley,Pemberton
276,Skylar,Rockwell
277,Connor,Wellington
278,Autumn,Templeton
279,Roman,Haverford
280,Everly,Montclair
281,Aaron,Langford
282,Kennedy,Barrington
283,Axel,Everhart
284,Alice,Aldridge
285,Theo,Wetherby
286,Melanie,Bannister
287,Brooks,Windham
288,Genesis,Whitmore
289,Ian,Ellington
290,Clara,Kingsley
291,Nicolas,Radcliffe
292,Piper,Thorndale
293,Beckett,Winslow
294,Lyla,Sterling
295,Dean,Hampton
296,Isabel,Pembroke
297,Grant,Fairchild
298,Miriam,Wentworth
299,Joel,Prescott
300,Rosalie,Ashford
500,Levi,Montclair
501,Stella,Langford
502,Julian,Barrington
503,Violet,Everhart
504,Adam,Aldridge
505,Aurora,Wetherby
506,Eli,Bannister
507,Lucy,Windham
508,Hudson,Whitmore
509,Bella,Ellington
510,Lincoln,Kingsley
511,Sadie,Radcliffe
512,Hunter,Thorndale
513,Addison,Winslow
514,Zachary,Sterling
515,Willow,Hampton
516,Xavier,Pembroke
517,Hazel,Fairchild
518,Sebastian,Wentworth
519,Paisley,Prescott
520,Jaxon,Ashford
521,Savannah,Carmichael
522,Ezra,Kensington
523,Eleanor,Lancaster
524,Wesley,Pemberton
525,Skylar,Rockwell
526,Connor,Wellington
527,Autumn,Templeton
528,Roman,Haverford
529,Everly,Montclair
530,Aaron,Langford
531,Kennedy,Barrington
532,Axel,Everhart
533,Alice,Aldridge
534,Theo,Wetherby
535,Melanie,Bannister
536,Brooks,Windham
537,Genesis,Whitmore
538,Ian,Ellington
539,Clara,Kingsley
540,Nicolas,Radcliffe
541,Piper,Thorndale
542,Beckett,Winslow
543,Lyla,Sterling
544,Dean,Hampton
545,Isabel,Pembroke
546,Grant,Fairchild
547,Miriam,Wentworth
548,Joel,Prescott
549,Rosalie,Ashford
550,Griffin,Carmichael
551,Delilah,Kensington
552,Maxwell,Lancaster
553,Juliana,Pemberton
554,Camden,Rockwell
555,Cecilia,Wellington
556,Finley,Templeton
557,Camille,Haverford
558,Reid,Montclair
559,Giselle,Langford
560,Barrett,Barrington
561,Tessa,Everhart
562,Holden,Aldridge
563,Daphne,Wetherby
564,Anders,Bannister
565,Elise,Windham
566,Porter,Whitmore
567,Noelle,Ellington
568,Cohen,Kingsley
569,Helena,Radcliffe
570,Ronan,Thorndale
571,Sabrina,Winslow
572,Callum,Sterling
573,Renee,Hampton
574,Ellis,Pembroke
575,Bridget,Fairchild
576,Tate,Wentworth
577,Valerie,Prescott
578,Sullivan,Ashford
579,Mallory,Carmichael
580,Fletcher,Kensington
581,Esme,Lancaster
582,Warren,Pemberton
583,Lena,Rockwell
584,Dorian,Wellington
585,Bianca,Templeton
586,Lawson,Haverford
587,Serena,Montclair
588,Keegan,Langford
589,Lillian,Barrington
590,Pierce,Everhart
591,Alina,Aldridge
592,Quentin,Wetherby
593,June,Bannister
594,Rory,Windham
595,Celeste,Whitmore
596,Sterling,Ellington
597,Maren,Kingsley
598,Dallas,Radcliffe
599,Lilith,Thorndale
600,Conrad,Winslow
601,Annika,Sterling
602,Wade,Hampton
603,Colette,Pembroke
604,Nixon,Fairchild
605,Lana,Wentworth
606,Marshall,Prescott
607,Ivy,Ashford
608,Clark,Carmichael
609,Sylvie,Kensington
610,Blaine,Lancaster
611,Mira,Pemberton
612,Jonas,Rockwell
613,Holly,Wellington
614,Trenton,Templeton
615,Frances,Haverford
616,Heath,Montclair
617,Elaine,Langford
618,Vance,Barrington
619,Isla,Everhart
620,Trevor,Aldridge
621,Phoebe,Wetherby
622,Bennett,Bannister
623,Nia,Windham
624,Blaise,Whitmore
625,Selene,Ellington
626,Orion,Kingsley
627,Rhea,Radcliffe
628,Tobias,Thorndale
629,Sage,Winslow
630,Kendrick,Sterling
631,Leona,Hampton
632,Gunner,Pembroke
633,Dahlia,Fairchild
634,Ewan,Wentworth
635,Cassidy,Prescott
636,Franklin,Ashford
637,Myra,Carmichael
638,Nixon,Kensington
639,Reina,Lancaster
640,Dane,Pemberton
641,Estelle,Rockwell
642,Zane,Wellington
643,Talia,Templeton
644,Preston,Haverford
645,Ingrid,Montclair
646,Foster,Langford
647,Gemma,Barrington
648,Vaughn,Everhart
649,Livia,Aldridge
